{
    "name": "Pangaea",
    "vendorId": "0x1209",
    "productId": "0x4655",
    "lighting": "qmk_rgblight",
    "matrix": { "rows": 10, "cols": 8 },
    "layouts": {
        "labels": [
            ["Type", "Normal", "Extend"]
        ],
        "keymap": [
            [{"x":3.25},"0,7\n\n\n0,1",{"x":8.5},"7,3\n\n\n0,1"],
                [{"y":-0.87,"x":2.25},"2,3\n\n\n0,1",{"x":1},"1,7\n\n\n0,1",{"x":6.5},"6,3\n\n\n0,1",{"x":1},"5,7\n\n\n0,1"],
                [{"y":-0.88},"0,3\n\n\n0,1","1,3\n\n\n0,1",{"x":3.25},"2,7\n\n\n0,1"],
                [{"y":-1,"x":10.75},"5,3\n\n\n0,1",{"x":3.25},"6,7\n\n\n0,1","7,7\n\n\n0,1"],
                [{"y":-0.25,"x":3.25},"1,5\n\n\n0,1",{"x":-1},"0,1\n\n\n0,0",{"x":8.5},"6,5\n\n\n0,1",{"x":-1},"5,2\n\n\n0,0"],
                [{"y":-0.87,"x":2.25},"1,1\n\n\n0,1",{"x":-1},"0,0\n\n\n0,0",{"x":1},"1,2\n\n\n0,1",{"x":-1},"0,2\n\n\n0,0",{"x":6.5},"6,2\n\n\n0,1",{"x":-1},"5,1\n\n\n0,0",{"x":1},"6,1\n\n\n0,1",{"x":-1},"6,4\n\n\n0,0"],
                [{"y":-0.88},"1,0\n\n\n0,1",{"x":-1},"3,0\n\n\n0,0","1,4\n\n\n0,1",{"x":-1},"3,1\n\n\n0,0",{"x":3.25},"1,6\n\n\n0,1",{"x":-1},"1,4\n\n\n0,0",{"x":4.5},"6,6\n\n\n0,1",{"x":-1},"5,0\n\n\n0,0",{"x":3.25},"6,4\n\n\n0,1",{"x":-1},"8,0\n\n\n0,0","6,0\n\n\n0,1",{"x":-1},"8,1\n\n\n0,0"],
                [{"y":-0.25,"x":3.25},"2,5\n\n\n0,1",{"x":-1},"1,1\n\n\n0,0",{"x":8.5},"7,5\n\n\n0,1",{"x":-1},"6,2\n\n\n0,0"],
                [{"y":-0.87,"x":2.25},"2,1\n\n\n0,1",{"x":-1},"1,0\n\n\n0,0",{"x":1},"2,2\n\n\n0,1",{"x":-1},"1,2\n\n\n0,0",{"x":6.5},"7,2\n\n\n0,1",{"x":-1},"6,1\n\n\n0,0",{"x":1},"7,1\n\n\n0,1",{"x":-1},"6,5\n\n\n0,0"],
                [{"y":-0.88},"2,0\n\n\n0,1",{"x":-1},"4,0\n\n\n0,0","2,4\n\n\n0,1",{"x":-1},"4,1\n\n\n0,0",{"x":3.25},"2,6\n\n\n0,1",{"x":-1},"1,5\n\n\n0,0",{"x":4.5},"7,6\n\n\n0,1",{"x":-1},"6,0\n\n\n0,0",{"x":3.25},"7,4\n\n\n0,1",{"x":-1},"9,0\n\n\n0,0","7,0\n\n\n0,1",{"x":-1},"9,1\n\n\n0,0"],
                [{"y":-0.25,"x":3.25},"3,5\n\n\n0,1",{"x":-1},"2,1\n\n\n0,0",{"x":8.5},"8,5\n\n\n0,1",{"x":-1},"7,2\n\n\n0,0"],
                [{"y":-0.87,"x":2.25},"3,1\n\n\n0,1",{"x":-1},"2,0\n\n\n0,0",{"x":1},"3,2\n\n\n0,1",{"x":-1},"2,2\n\n\n0,0",{"x":6.5},"8,2\n\n\n0,1",{"x":-1},"7,1\n\n\n0,0",{"x":1},"8,1\n\n\n0,1",{"x":-1},"6,6\n\n\n0,0"],
                [{"y":-0.88},"3,0\n\n\n0,1",{"x":-1},"3,4\n\n\n0,0","3,4\n\n\n0,1",{"x":-1},"3,5\n\n\n0,0",{"x":3.25},"3,6\n\n\n0,1",{"x":-1},"1,6\n\n\n0,0",{"x":4.5},"8,6\n\n\n0,1",{"x":-1},"7,0\n\n\n0,0",{"x":3.25},"8,4\n\n\n0,1",{"x":-1},"8,4\n\n\n0,0","8,0\n\n\n0,1",{"x":-1},"8,5\n\n\n0,0"],
                [{"y":-0.25,"x":3.25},"4,5\n\n\n0,1",{"x":-1},"0,5\n\n\n0,0",{"x":8.5},"9,5\n\n\n0,1",{"x":-1},"5,6\n\n\n0,0"],
                [{"y":-0.87,"x":2.25},"4,1\n\n\n0,1",{"x":-1},"0,4\n\n\n0,0",{"x":1},"4,2\n\n\n0,1",{"x":-1},"0,6\n\n\n0,0",{"x":6.5},"9,2\n\n\n0,1",{"x":-1},"5,5\n\n\n0,0",{"x":1},"9,1\n\n\n0,1",{"x":-1},"7,4\n\n\n0,0"],
                [{"y":-0.88},"4,0\n\n\n0,1",{"x":-1},"4,4\n\n\n0,0","4,4\n\n\n0,1",{"x":-1},"4,5\n\n\n0,0",{"x":3.25},"4,6\n\n\n0,1",{"x":-1},"2,4\n\n\n0,0","2,5\n\n\n0,0","2,6\n\n\n0,0",{"x":0.5},"7,5\n\n\n0,0","7,6\n\n\n0,0","9,6\n\n\n0,1",{"x":-1},"5,4\n\n\n0,0",{"x":3.25},"9,4\n\n\n0,1",{"x":-1},"9,4\n\n\n0,0","9,0\n\n\n0,1",{"x":-1},"9,5\n\n\n0,0"],
                [{"y":0.15,"x":13},"9,2\n\n\n0,0"],
                [{"y":-0.9,"x":3},"2,3\n\n\n0,1",{"x":-1},"4,2\n\n\n0,0"],
                [{"x":3},"2,7\n\n\n0,1",{"x":8.75},"9,6\n\n\n0,1"],
                [{"r":10,"rx":4,"ry":6.5,"y":-1},"3,3\n\n\n0,1",{"x":-1},"4,3\n\n\n0,0"],
                ["3,7\n\n\n0,1"],
                [{"rx":10.5,"y":-1.72,"x":3.4},"9,3\n\n\n0,0"],
                [{"y":0.22,"x":3.4},"9,7\n\n\n0,1"],
                [{"r":20,"rx":5,"ry":6.68,"y":-1},"4,3\n\n\n0,1",{"x":-1},"3,6\n\n\n0,0"],
                [{"rx":11.5,"y":-2.18,"x":3.2},"8,6\n\n\n0,0"],
                [{"r":-20,"rx":2,"y":-1,"x":-1},"0,3\n\n\n0,1",{"x":-1},"3,2\n\n\n0,0"],
                [{"rx":8.5,"ry":9.75,"y":-2.75,"x":3.4},"8,2\n\n\n0,0"],
                [{"r":-10,"rx":3,"ry":6.5,"y":-1,"x":-1},"1,3\n\n\n0,1",{"x":-1},"3,3\n\n\n0,0"],
                [{"x":-1},"1,7\n\n\n0,1"],
                [{"rx":9.5,"y":-0.5,"x":2.5},"8,3\n\n\n0,0"],
                [{"x":2},"8,7\n\n\n0,1"]


        ]
    }
}
