{
    "name": "Pangaea",
    "vendorId": "0x1209",
    "productId": "0x4655",
    "lighting": "qmk_rgblight",
    "matrix": { "rows": 18, "cols": 9 },
    "layouts": {
        "labels": [
            ["Normal", "Extend"]
        ],
        "keymap": [
  [
    {
      "x": 3.25
    },
    "0,5\n\n\n0,1",
    {
      "x": 5
    },
    "5,5\n\n\n0,1"
  ],
  [
    {
      "y": -0.87,
      "x": 2.25
    },
    "0,1\n\n\n0,1",
    {
      "x": 1
    },
    "0,2\n\n\n0,1",
    {
      "x": 3
    },
    "5,2\n\n\n0,1",
    {
      "x": 1
    },
    "5,1\n\n\n0,1"
  ],
  [
    {
      "y": -0.88
    },
    "0,0\n\n\n0,1",
    "0,4\n\n\n0,1",
    {
      "x": 3.25
    },
    "0,6\n\n\n0,1",
    {
      "x": 1
    },
    "5,6\n\n\n0,1",
    {
      "x": 3.25
    },
    "5,4\n\n\n0,1",
    "5,0\n\n\n0,1"
  ],
  [
    {
      "y": -0.25,
      "x": 3.25
    },
    "1,5",
    {
      "x": 5
    },
    "6,5"
  ],
  [
    {
      "y": -0.87,
      "x": 2.25
    },
    "1,1",
    {
      "x": 1
    },
    "1,2",
    {
      "x": 3
    },
    "6,2",
    {
      "x": 1
    },
    "6,1"
  ],
  [
    {
      "y": -0.88
    },
    "1,0",
    "1,4",
    {
      "x": 3.25
    },
    "1,6",
    {
      "x": 1
    },
    "6,6",
    {
      "x": 3.25
    },
    "6,4",
    "6,0"
  ],
  [
    {
      "y": -0.25,
      "x": 3.25
    },
    "2,5",
    {
      "x": 5
    },
    "7,5"
  ],
  [
    {
      "y": -0.87,
      "x": 2.25
    },
    "2,1",
    {
      "x": 1
    },
    "2,2",
    {
      "x": 3
    },
    "7,2",
    {
      "x": 1
    },
    "7,1"
  ],
  [
    {
      "y": -0.88
    },
    "2,0",
    "2,4",
    {
      "x": 3.25
    },
    "2,6",
    {
      "x": 1
    },
    "7,6",
    {
      "x": 3.25
    },
    "7,4",
    "7,0"
  ],
  [
    {
      "y": -0.25,
      "x": 3.25
    },
    "3,5",
    {
      "x": 5
    },
    "8,5"
  ],
  [
    {
      "y": -0.87,
      "x": 2.25
    },
    "3,1",
    {
      "x": 1
    },
    "3,2",
    {
      "x": 3
    },
    "8,2",
    {
      "x": 1
    },
    "8,1"
  ],
  [
    {
      "y": -0.88
    },
    "3,0",
    "3,4",
    {
      "x": 3.25
    },
    "3,6",
    {
      "x": 1
    },
    "8,6",
    {
      "x": 3.25
    },
    "8,4",
    "8,0"
  ],
  [
    {
      "y": -0.25,
      "x": 3.25
    },
    "4,5",
    {
      "x": 5
    },
    "9,5"
  ],
  [
    {
      "y": -0.87,
      "x": 2.25
    },
    "4,1",
    {
      "x": 1
    },
    "4,2",
    {
      "x": 3
    },
    "9,2",
    {
      "x": 1
    },
    "9,1"
  ],
  [
    {
      "y": -0.88
    },
    "4,0",
    "4,4",
    {
      "x": 3.25
    },
    "4,6",
    {
      "x": 1
    },
    "9,6",
    {
      "x": 3.25
    },
    "9,4",
    "9,0"
  ],
  [
    {
      "y": 0.25,
      "x": 3
    },
    "2,3",
    {
      "x": 5.5
    },
    "7,3"
  ],
  [
    {
      "x": 3
    },
    "2,7\n\n\n0,1",
    {
      "x": 5.5
    },
    "7,7\n\n\n0,1"
  ],
  [
    {
      "r": 10,
      "rx": 4,
      "ry": 6.5,
      "y": -1
    },
    "3,3"
  ],
  [
    "3,7\n\n\n0,1"
  ],
  [
    {
      "rx": 10.5,
      "y": -1
    },
    "6,3"
  ],
  [
    "6,7\n\n\n0,1"
  ],
  [
    {
      "r": 20,
      "rx": 5,
      "ry": 6.68,
      "y": -1
    },
    "4,3"
  ],
  [
    "4,7\n\n\n0,1"
  ],
  [
    {
      "rx": 11.5,
      "y": -1
    },
    "5,3"
  ],
  [
    "5,7\n\n\n0,1"
  ],
  [
    {
      "r": -20,
      "rx": 2,
      "y": -1,
      "x": -1
    },
    "0,3"
  ],
  [
    {
      "x": -1
    },
    "0,7\n\n\n0,1"
  ],
  [
    {
      "rx": 8.5,
      "y": -1,
      "x": -1
    },
    "9,3"
  ],
  [
    {
      "x": -1
    },
    "9,7\n\n\n0,1"
  ],
  [
    {
      "r": -10,
      "rx": 3,
      "ry": 6.5,
      "y": -1,
      "x": -1
    },
    "1,3"
  ],
  [
    {
      "x": -1
    },
    "1,7\n\n\n0,1"
  ],
  [
    {
      "rx": 9.5,
      "y": -1,
      "x": -1
    },
    "8,3"
  ],
  [
    {
      "x": -1
    },
    "8,7\n\n\n0,1"
  ]
        ]
    }
}