{
    "name": "Pangaea",
    "vendorId": "0x1209",
    "productId": "0x4655",
    "lighting": "qmk_rgblight",
    "matrix": { "rows": 18, "cols": 9 },
    "layouts": {
        "labels": [
            ["Normal", "Extend"]
        ],
        "keymap": [
  [
    {
      "x": 3.25
    },
    "6,0\n\n\n0,1",
    {
      "x": 5
    },
    "15,0\n\n\n0,1"
  ],
  [
    {
      "y": -0.87,
      "x": 2.25
    },
    "0,6\n\n\n0,1",
    {
      "x": 1
    },
    "0,7\n\n\n0,1",
    {
      "x": 3
    },
    "9,7\n\n\n0,1",
    {
      "x": 1
    },
    "9,6\n\n\n0,1"
  ],
  [
    {
      "y": -0.88
    },
    "0,5\n\n\n0,1",
    "5,0\n\n\n0,1",
    {
      "x": 3.25
    },
    "7,0\n\n\n0,1",
    {
      "x": 1
    },
    "16,0\n\n\n0,1",
    {
      "x": 3.25
    },
    "14,0\n\n\n0,1",
    "9,5\n\n\n0,1"
  ],
  [
    {
      "y": -0.25,
      "x": 3.25
    },
    "6,1",
    {
      "x": 5
    },
    "15,1"
  ],
  [
    {
      "y": -0.87,
      "x": 2.25
    },
    "1,6",
    {
      "x": 1
    },
    "1,7",
    {
      "x": 3
    },
    "10,7",
    {
      "x": 1
    },
    "10,6"
  ],
  [
    {
      "y": -0.88
    },
    "1,5",
    "5,1",
    {
      "x": 3.25
    },
    "7,1",
    {
      "x": 1
    },
    "16,1",
    {
      "x": 3.25
    },
    "14,1",
    "10,5"
  ],
  [
    {
      "y": -0.25,
      "x": 3.25
    },
    "6,2",
    {
      "x": 5
    },
    "15,2"
  ],
  [
    {
      "y": -0.87,
      "x": 2.25
    },
    "2,6",
    {
      "x": 1
    },
    "2,7",
    {
      "x": 3
    },
    "11,7",
    {
      "x": 1
    },
    "11,6"
  ],
  [
    {
      "y": -0.88
    },
    "2,5",
    "5,2",
    {
      "x": 3.25
    },
    "7,2",
    {
      "x": 1
    },
    "16,2",
    {
      "x": 3.25
    },
    "14,2",
    "11,5"
  ],
  [
    {
      "y": -0.25,
      "x": 3.25
    },
    "6,3",
    {
      "x": 5
    },
    "15,3"
  ],
  [
    {
      "y": -0.87,
      "x": 2.25
    },
    "3,6",
    {
      "x": 1
    },
    "3,7",
    {
      "x": 3
    },
    "12,7",
    {
      "x": 1
    },
    "12,6"
  ],
  [
    {
      "y": -0.88
    },
    "3,5",
    "5,3",
    {
      "x": 3.25
    },
    "7,3",
    {
      "x": 1
    },
    "16,3",
    {
      "x": 3.25
    },
    "14,3",
    "12,5"
  ],
  [
    {
      "y": -0.25,
      "x": 3.25
    },
    "6,4",
    {
      "x": 5
    },
    "15,4"
  ],
  [
    {
      "y": -0.87,
      "x": 2.25
    },
    "4,6",
    {
      "x": 1
    },
    "4,7",
    {
      "x": 3
    },
    "13,7",
    {
      "x": 1
    },
    "13,6"
  ],
  [
    {
      "y": -0.88
    },
    "4,5",
    "5,4",
    {
      "x": 3.25
    },
    "7,4",
    {
      "x": 1
    },
    "16,4",
    {
      "x": 3.25
    },
    "14,4",
    "13,5"
  ],
  [
    {
      "y": 0.25,
      "x": 3
    },
    "2,8",
    {
      "x": 5.5
    },
    "11,8"
  ],
  [
    {
      "x": 3
    },
    "8,2\n\n\n0,1",
    {
      "x": 5.5
    },
    "17,2\n\n\n0,1"
  ],
  [
    {
      "r": 10,
      "rx": 4,
      "ry": 6.5,
      "y": -1
    },
    "3,8"
  ],
  [
    "8,3\n\n\n0,1"
  ],
  [
    {
      "rx": 10.5,
      "y": -1
    },
    "10,8"
  ],
  [
    "17,1\n\n\n0,1"
  ],
  [
    {
      "r": 20,
      "rx": 5,
      "ry": 6.68,
      "y": -1
    },
    "4,8"
  ],
  [
    "8,4\n\n\n0,1"
  ],
  [
    {
      "rx": 11.5,
      "y": -1
    },
    "9,8"
  ],
  [
    "17,0\n\n\n0,1"
  ],
  [
    {
      "r": -20,
      "rx": 2,
      "y": -1,
      "x": -1
    },
    "0,8"
  ],
  [
    {
      "x": -1
    },
    "8.0\n\n\n0,1"
  ],
  [
    {
      "rx": 8.5,
      "y": -1,
      "x": -1
    },
    "13,8"
  ],
  [
    {
      "x": -1
    },
    "17,4\n\n\n0,1"
  ],
  [
    {
      "r": -10,
      "rx": 3,
      "ry": 6.5,
      "y": -1,
      "x": -1
    },
    "1,8"
  ],
  [
    {
      "x": -1
    },
    "8,1\n\n\n0,1"
  ],
  [
    {
      "rx": 9.5,
      "y": -1,
      "x": -1
    },
    "12,8"
  ],
  [
    {
      "x": -1
    },
    "17,3\n\n\n0,1"
  ]
        ]
    }
}