{
    "name": "Pangaea",
    "vendorId": "0x1209",
    "productId": "0x4655",
    "lighting": "qmk_rgblight",
    "matrix": { "rows": 10, "cols": 10 },
    "layouts": {
      "labels": [
        ["Type", "Normal", "Extend"]
      ],
        "keymap": [
              [
                {
                  "x": 3.25
                },
                "0,8\n\n\n0,1",
                {
                  "x": 8.5
                },
                "7,3\n\n\n0,1"
              ],
              [
                {
                  "y": -0.87,
                  "x": 2.25
                },
                "2,3\n\n\n0,1",
                {
                  "x": 1
                },
                "1,8\n\n\n0,1",
                {
                  "x": 6.5
                },
                "6,3\n\n\n0,1",
                {
                  "x": 1
                },
                "5,8\n\n\n0,1"
              ],
              [
                {
                  "y": -0.88
                },
                "0,3\n\n\n0,1",
                "1,3\n\n\n0,1",
                {
                  "x": 3.25
                },
                "2,8\n\n\n0,1",
                {
                  "x": 4.5
                },
                "5,3\n\n\n0,1",
                {
                  "x": 3.25
                },
                "6,8\n\n\n0,1",
                "7,8\n\n\n0,1"
              ],
              [
                {
                  "x": 3.25
                },
                "0,1\n\n\n0,0",
                {
                  "x": 8.5
                },
                "5,2\n\n\n0,0"
              ],
              [
                {
                  "y": -0.87,
                  "x": 2.25
                },
                "0,0\n\n\n0,0",
                {
                  "x": 1
                },
                "0,2\n\n\n0,0",
                {
                  "x": 6.5
                },
                "5,1\n\n\n0,0",
                {
                  "x": 1
                },
                "6,5\n\n\n0,0"
              ],
              [
                {
                  "y": -0.88
                },
                "3,0\n\n\n0,0",
                "3,1\n\n\n0,0",
                {
                  "x": 3.25
                },
                "1,5\n\n\n0,0",
                {
                  "x": 4.5
                },
                "5,0\n\n\n0,0",
                {
                  "x": 3.25
                },
                "8,0\n\n\n0,0",
                "8,1\n\n\n0,0"
              ],
              [
                {
                  "y": -0.25,
                  "x": 3.25
                },
                "1,1\n\n\n0,0",
                {
                  "x": 8.5
                },
                "6,2\n\n\n0,0"
              ],
              [
                {
                  "y": -0.87,
                  "x": 2.25
                },
                "1,0\n\n\n0,0",
                {
                  "x": 1
                },
                "1,2\n\n\n0,0",
                {
                  "x": 6.5
                },
                "6,1\n\n\n0,0",
                {
                  "x": 1
                },
                "6,6\n\n\n0,0"
              ],
              [
                {
                  "y": -0.88
                },
                "4,0\n\n\n0,0",
                "4,1\n\n\n0,0",
                {
                  "x": 3.25
                },
                "1,6\n\n\n0,0",
                {
                  "x": 4.5
                },
                "6,0\n\n\n0,0",
                {
                  "x": 3.25
                },
                "9,0\n\n\n0,0",
                "9,1\n\n\n0,0"
              ],
              [
                {
                  "y": -0.25,
                  "x": 3.25
                },
                "2,1\n\n\n0,0",
                {
                  "x": 8.5
                },
                "7,2\n\n\n0,0"
              ],
              [
                {
                  "y": -0.87,
                  "x": 2.25
                },
                "2,0\n\n\n0,0",
                {
                  "x": 1
                },
                "2,2\n\n\n0,0",
                {
                  "x": 6.5
                },
                "7,1\n\n\n0,0",
                {
                  "x": 1
                },
                "6,7\n\n\n0,0"
              ],
              [
                {
                  "y": -0.88
                },
                "3,5\n\n\n0,0",
                "3,6\n\n\n0,0",
                {
                  "x": 3.25
                },
                "1,7\n\n\n0,0",
                {"x":0.5,"y":0.2,"w":0.8,"h":0.8},
                "0,9\n\n\n0,0",
                {"w":0.8,"h":0.8},
                "1,9\n\n\n0,0",
                {"x":0.2,"w":0.8,"h":0.8},
                "5,9\n\n\n0,0",
                {"w":0.8,"h":0.8},
                "6,9\n\n\n0,0",
                {"y":-0.2,"x":0.5},
                "7,0\n\n\n0,0",
                {
                  "x": 3.25
                },
                "8,5\n\n\n0,0",
                "8,6\n\n\n0,0"
              ],
              [
                {
                  "y": -0.25,
                  "x": 3.25
                },
                "0,6\n\n\n0,0",
                {
                  "x": 8.5
                },
                "5,7\n\n\n0,0"
              ],
              [
                {
                  "y": -0.87,
                  "x": 2.25
                },
                "0,5\n\n\n0,0",
                {
                  "x": 1
                },
                "0,7\n\n\n0,0",
                {
                  "x": 6.5
                },
                "5,6\n\n\n0,0",
                {
                  "x": 1
                },
                "7,5\n\n\n0,0"
              ],
              [
                {
                  "y": -0.88
                },
                "4,5\n\n\n0,0",
                "4,6\n\n\n0,0",
                {
                  "x": 3.25
                },
                "2,5\n\n\n0,0",
                "2,6\n\n\n0,0",
                "0,4\n\n\n0,0",
                {
                  "x": 0.5
                },
                "5,4\n\n\n0,0",
                "7,6\n\n\n0,0",
                "5,5\n\n\n0,0",
                {
                  "x": 3.25
                },
                "9,5\n\n\n0,0",
                "9,6\n\n\n0,0"
              ],
              [
                {
                  "x": 3
                },
                "4,2\n\n\n0,0",
                {
                  "x": 9
                },
                "9,2\n\n\n0,0"
              ],
              [
                {
                  "y": 0.25,
                  "x": 3
                },
                "4,7\n\n\n0,1",
                {
                  "x": 9
                },
                "9,7\n\n\n0,1"
              ],
              [
                {
                  "r": 10,
                  "rx": 4,
                  "ry": 6.5,
                  "y": -1
                },
                "4,3\n\n\n0,0"
              ],
              [
                {
                  "y": 0.25,
                  "x": 0.25
                },
                "4,8\n\n\n0,1"
              ],
              [
                {
                  "rx": 10.6,
                  "y": -1.6,
                  "x": 3.35
                },
                "9,3\n\n\n0,0"
              ],
              [
                {
                  "y": 0.25,
                  "x": 3.6
                },
                "9,8\n\n\n0,1"
              ],
              [
                {
                  "r": 20,
                  "rx": 5,
                  "ry": 6.68,
                  "y": -1
                },
                "3,7\n\n\n0,0"
              ],
              [
                {
                  "rx": 11.5,
                  "y": -2.18,
                  "x": 3.3
                },
                "8,7\n\n\n0,0"
              ],
              [
                {
                  "r": -20,
                  "rx": 2,
                  "y": -1,
                  "x": -1
                },
                "3,2\n\n\n0,0"
              ],
              [
                {
                  "rx": 8.5,
                  "ry": 9.75,
                  "y": -2.7,
                  "x": 3.35
                },
                "8,2\n\n\n0,0"
              ],
              [
                {
                  "r": -10,
                  "rx": 3,
                  "ry": 6.5,
                  "y": -1,
                  "x": -1
                },
                "3,3\n\n\n0,0"
              ],
              [
                {
                  "y": 0.25,
                  "x": -1.25
                },
                "3,8\n\n\n0,1"
              ],
              [
                {
                  "rx": 9.5,
                  "y": -0.4,
                  "x": 2.45
                },
                "8,3\n\n\n0,0"
              ],
              [
                {
                  "y": 0.25,
                  "x": 2.2
                },
                "8,8\n\n\n0,1"
              ]
        ]
    }
}
